[
    {
      "model": "admin.logentry",
      "pk": 1,
      "fields": {
        "action_time": "2021-07-13T17:57:41.165Z",
        "user": 1,
        "content_type": 7,
        "object_id": "1",
        "object_repr": "12acres.example.com",
        "action_flag": 2,
        "change_message": "[{\"changed\": {\"fields\": [\"Domain name\", \"Display name\"]}}]"
      }
    },
    {
      "model": "admin.logentry",
      "pk": 2,
      "fields": {
        "action_time": "2021-07-15T14:44:29.258Z",
        "user": 1,
        "content_type": 13,
        "object_id": "1",
        "object_repr": "beer",
        "action_flag": 1,
        "change_message": "[{\"added\": {}}]"
      }
    },
    {
      "model": "admin.logentry",
      "pk": 3,
      "fields": {
        "action_time": "2021-07-15T14:46:31.668Z",
        "user": 1,
        "content_type": 14,
        "object_id": "1",
        "object_repr": "Pale Ale Bottles",
        "action_flag": 1,
        "change_message": "[{\"added\": {}}]"
      }
    },
    {
      "model": "admin.logentry",
      "pk": 4,
      "fields": {
        "action_time": "2021-07-15T19:13:32.538Z",
        "user": 1,
        "content_type": 14,
        "object_id": "2",
        "object_repr": "Farmer's Tan Bottles",
        "action_flag": 1,
        "change_message": "[{\"added\": {}}]"
      }
    },
    {
      "model": "admin.logentry",
      "pk": 5,
      "fields": {
        "action_time": "2021-07-15T19:19:36.587Z",
        "user": 1,
        "content_type": 14,
        "object_id": "3",
        "object_repr": "Single Malt Lager Bottles",
        "action_flag": 1,
        "change_message": "[{\"added\": {}}]"
      }
    },
    {
      "model": "admin.logentry",
      "pk": 6,
      "fields": {
        "action_time": "2021-07-15T19:21:57.277Z",
        "user": 1,
        "content_type": 14,
        "object_id": "4",
        "object_repr": "Rye Indian Pale Ale Bottles",
        "action_flag": 1,
        "change_message": "[{\"added\": {}}]"
      }
    },
    {
      "model": "admin.logentry",
      "pk": 7,
      "fields": {
        "action_time": "2021-07-15T19:24:46.271Z",
        "user": 1,
        "content_type": 14,
        "object_id": "5",
        "object_repr": "12 Acres Pale Ale Cans",
        "action_flag": 1,
        "change_message": "[{\"added\": {}}]"
      }
    },
    {
      "model": "admin.logentry",
      "pk": 8,
      "fields": {
        "action_time": "2021-07-15T19:36:45.230Z",
        "user": 1,
        "content_type": 14,
        "object_id": "5",
        "object_repr": "12 Acres Pale Ale Cans",
        "action_flag": 2,
        "change_message": "[{\"changed\": {\"fields\": [\"Size\"]}}]"
      }
    },
    {
      "model": "admin.logentry",
      "pk": 9,
      "fields": {
        "action_time": "2021-07-15T19:36:52.237Z",
        "user": 1,
        "content_type": 14,
        "object_id": "4",
        "object_repr": "Rye Indian Pale Ale Bottles",
        "action_flag": 2,
        "change_message": "[]"
      }
    },
    {
      "model": "admin.logentry",
      "pk": 10,
      "fields": {
        "action_time": "2021-07-15T19:51:57.383Z",
        "user": 1,
        "content_type": 14,
        "object_id": "4",
        "object_repr": "Rye Indian Pale Ale Bottles",
        "action_flag": 2,
        "change_message": "[{\"changed\": {\"fields\": [\"Image\"]}}]"
      }
    },
    {
      "model": "admin.logentry",
      "pk": 11,
      "fields": {
        "action_time": "2021-07-15T19:52:18.000Z",
        "user": 1,
        "content_type": 14,
        "object_id": "4",
        "object_repr": "Rye Indian Pale Ale Bottles",
        "action_flag": 2,
        "change_message": "[{\"changed\": {\"fields\": [\"Image\"]}}]"
      }
    },
    {
      "model": "admin.logentry",
      "pk": 12,
      "fields": {
        "action_time": "2021-07-15T19:52:25.315Z",
        "user": 1,
        "content_type": 14,
        "object_id": "3",
        "object_repr": "Single Malt Lager Bottles",
        "action_flag": 2,
        "change_message": "[{\"changed\": {\"fields\": [\"Image\"]}}]"
      }
    },
    {
      "model": "admin.logentry",
      "pk": 13,
      "fields": {
        "action_time": "2021-07-15T19:52:35.569Z",
        "user": 1,
        "content_type": 14,
        "object_id": "3",
        "object_repr": "Single Malt Lager Bottles",
        "action_flag": 2,
        "change_message": "[{\"changed\": {\"fields\": [\"Image\"]}}]"
      }
    },
    {
      "model": "admin.logentry",
      "pk": 14,
      "fields": {
        "action_time": "2021-07-15T19:52:42.921Z",
        "user": 1,
        "content_type": 14,
        "object_id": "2",
        "object_repr": "Farmer's Tan Bottles",
        "action_flag": 2,
        "change_message": "[{\"changed\": {\"fields\": [\"Image\"]}}]"
      }
    },
    {
      "model": "admin.logentry",
      "pk": 15,
      "fields": {
        "action_time": "2021-07-15T19:52:49.104Z",
        "user": 1,
        "content_type": 14,
        "object_id": "1",
        "object_repr": "Pale Ale Bottles",
        "action_flag": 2,
        "change_message": "[{\"changed\": {\"fields\": [\"Image\"]}}]"
      }
    },
    {
      "model": "admin.logentry",
      "pk": 16,
      "fields": {
        "action_time": "2021-07-15T19:53:01.405Z",
        "user": 1,
        "content_type": 14,
        "object_id": "1",
        "object_repr": "Pale Ale Bottles",
        "action_flag": 2,
        "change_message": "[{\"changed\": {\"fields\": [\"Image\"]}}]"
      }
    },
    {
      "model": "admin.logentry",
      "pk": 17,
      "fields": {
        "action_time": "2021-07-15T23:52:01.667Z",
        "user": 1,
        "content_type": 15,
        "object_id": "1",
        "object_repr": "test",
        "action_flag": 1,
        "change_message": "[{\"added\": {}}]"
      }
    },
    {
      "model": "admin.logentry",
      "pk": 18,
      "fields": {
        "action_time": "2021-08-01T12:38:46.223Z",
        "user": 1,
        "content_type": 15,
        "object_id": "2",
        "object_repr": "test2",
        "action_flag": 1,
        "change_message": "[{\"added\": {}}]"
      }
    },
    {
      "model": "admin.logentry",
      "pk": 19,
      "fields": {
        "action_time": "2021-08-13T00:41:49.428Z",
        "user": 1,
        "content_type": 16,
        "object_id": "1",
        "object_repr": "Order object (1)",
        "action_flag": 2,
        "change_message": "[{\"deleted\": {\"name\": \"order line item\", \"object\": \"Pale Ale Bottles on order 0DDEC1CE2CB541E4B3330CDF3C73EEAC\"}}]"
      }
    },
    {
      "model": "admin.logentry",
      "pk": 20,
      "fields": {
        "action_time": "2021-08-13T00:44:17.080Z",
        "user": 1,
        "content_type": 16,
        "object_id": "1",
        "object_repr": "Order object (1)",
        "action_flag": 2,
        "change_message": "[{\"changed\": {\"name\": \"order line item\", \"object\": \"Single Malt Lager Bottles on order 0DDEC1CE2CB541E4B3330CDF3C73EEAC\", \"fields\": [\"Quantity\"]}}]"
      }
    },
    {
      "model": "admin.logentry",
      "pk": 21,
      "fields": {
        "action_time": "2021-08-13T00:44:30.222Z",
        "user": 1,
        "content_type": 16,
        "object_id": "1",
        "object_repr": "Order object (1)",
        "action_flag": 2,
        "change_message": "[{\"changed\": {\"name\": \"order line item\", \"object\": \"Single Malt Lager Bottles on order 0DDEC1CE2CB541E4B3330CDF3C73EEAC\", \"fields\": [\"Quantity\"]}}]"
      }
    },
    {
      "model": "admin.logentry",
      "pk": 22,
      "fields": {
        "action_time": "2021-08-17T10:16:51.222Z",
        "user": 1,
        "content_type": 8,
        "object_id": "1",
        "object_repr": "farrelleoin93@gmail.com",
        "action_flag": 2,
        "change_message": "[{\"changed\": {\"fields\": [\"Verified\"]}}]"
      }
    },
    {
      "model": "admin.logentry",
      "pk": 23,
      "fields": {
        "action_time": "2021-08-18T12:48:21.688Z",
        "user": 1,
        "content_type": 4,
        "object_id": "1",
        "object_repr": "farrelleoin93@gmail.com",
        "action_flag": 2,
        "change_message": "[{\"changed\": {\"fields\": [\"Username\", \"First name\", \"Last name\"]}}]"
      }
    },
    {
      "model": "admin.logentry",
      "pk": 24,
      "fields": {
        "action_time": "2021-08-20T17:38:03.145Z",
        "user": 1,
        "content_type": 13,
        "object_id": "1",
        "object_repr": "ale",
        "action_flag": 2,
        "change_message": "[{\"changed\": {\"fields\": [\"Name\", \"Friendly name\"]}}]"
      }
    },
    {
      "model": "admin.logentry",
      "pk": 25,
      "fields": {
        "action_time": "2021-08-20T17:38:15.849Z",
        "user": 1,
        "content_type": 13,
        "object_id": "2",
        "object_repr": "lager",
        "action_flag": 1,
        "change_message": "[{\"added\": {}}]"
      }
    },
    {
      "model": "admin.logentry",
      "pk": 26,
      "fields": {
        "action_time": "2021-08-20T17:38:25.776Z",
        "user": 1,
        "content_type": 13,
        "object_id": "3",
        "object_repr": "stout",
        "action_flag": 1,
        "change_message": "[{\"added\": {}}]"
      }
    },
    {
      "model": "admin.logentry",
      "pk": 27,
      "fields": {
        "action_time": "2021-08-20T17:38:52.868Z",
        "user": 1,
        "content_type": 14,
        "object_id": "3",
        "object_repr": "Single Malt Lager Bottles",
        "action_flag": 2,
        "change_message": "[{\"changed\": {\"fields\": [\"Category\"]}}]"
      }
    },
    {
      "model": "admin.logentry",
      "pk": 28,
      "fields": {
        "action_time": "2021-08-20T17:39:09.362Z",
        "user": 1,
        "content_type": 14,
        "object_id": "2",
        "object_repr": "Farmer's Tan Bottles",
        "action_flag": 2,
        "change_message": "[]"
      }
    },
    {
      "model": "admin.logentry",
      "pk": 29,
      "fields": {
        "action_time": "2021-08-20T17:39:25.505Z",
        "user": 1,
        "content_type": 14,
        "object_id": "1",
        "object_repr": "Pale Ale Bottles",
        "action_flag": 2,
        "change_message": "[]"
      }
    },
    {
      "model": "admin.logentry",
      "pk": 30,
      "fields": {
        "action_time": "2021-08-22T03:40:31.673Z",
        "user": 6,
        "content_type": 19,
        "object_id": "1",
        "object_repr": "test",
        "action_flag": 1,
        "change_message": "[{\"added\": {}}]"
      }
    },
    {
      "model": "admin.logentry",
      "pk": 31,
      "fields": {
        "action_time": "2021-08-22T03:40:37.450Z",
        "user": 6,
        "content_type": 19,
        "object_id": "1",
        "object_repr": "test",
        "action_flag": 2,
        "change_message": "[{\"changed\": {\"fields\": [\"Author\"]}}]"
      }
    },
    {
      "model": "admin.logentry",
      "pk": 32,
      "fields": {
        "action_time": "2021-08-22T20:34:50.385Z",
        "user": 6,
        "content_type": 19,
        "object_id": "2",
        "object_repr": "test number 2",
        "action_flag": 1,
        "change_message": "[{\"added\": {}}]"
      }
    },
    {
      "model": "admin.logentry",
      "pk": 33,
      "fields": {
        "action_time": "2021-08-24T13:35:09.103Z",
        "user": 1,
        "content_type": 19,
        "object_id": "5",
        "object_repr": "add blog test 2",
        "action_flag": 3,
        "change_message": ""
      }
    },
    {
      "model": "admin.logentry",
      "pk": 34,
      "fields": {
        "action_time": "2021-08-24T13:35:09.135Z",
        "user": 1,
        "content_type": 19,
        "object_id": "4",
        "object_repr": "add blog test",
        "action_flag": 3,
        "change_message": ""
      }
    },
    {
      "model": "admin.logentry",
      "pk": 35,
      "fields": {
        "action_time": "2021-08-24T13:35:09.171Z",
        "user": 1,
        "content_type": 19,
        "object_id": "3",
        "object_repr": "add blog test",
        "action_flag": 3,
        "change_message": ""
      }
    },
    {
      "model": "admin.logentry",
      "pk": 36,
      "fields": {
        "action_time": "2021-08-24T14:03:13.564Z",
        "user": 1,
        "content_type": 19,
        "object_id": "10",
        "object_repr": "test",
        "action_flag": 3,
        "change_message": ""
      }
    },
    {
      "model": "admin.logentry",
      "pk": 37,
      "fields": {
        "action_time": "2021-08-24T14:03:13.620Z",
        "user": 1,
        "content_type": 19,
        "object_id": "9",
        "object_repr": "test",
        "action_flag": 3,
        "change_message": ""
      }
    },
    {
      "model": "admin.logentry",
      "pk": 38,
      "fields": {
        "action_time": "2021-08-24T14:03:13.653Z",
        "user": 1,
        "content_type": 19,
        "object_id": "1",
        "object_repr": "test",
        "action_flag": 3,
        "change_message": ""
      }
    },
    {
      "model": "admin.logentry",
      "pk": 39,
      "fields": {
        "action_time": "2021-08-25T11:56:57.057Z",
        "user": 1,
        "content_type": 20,
        "object_id": "2",
        "object_repr": "hfsoiuhfoi",
        "action_flag": 3,
        "change_message": ""
      }
    },
    {
      "model": "admin.logentry",
      "pk": 40,
      "fields": {
        "action_time": "2021-08-30T23:53:52.386Z",
        "user": 8,
        "content_type": 20,
        "object_id": "1",
        "object_repr": "Amazing beer",
        "action_flag": 2,
        "change_message": "[{\"changed\": {\"fields\": [\"Body\", \"Rating\"]}}]"
      }
    },
    {
      "model": "auth.user",
      "pk": 1,
      "fields": {
        "password": "pbkdf2_sha256$260000$jbl8yrGCOJy6UfxqEpNjUk$H9RnL6mtxsUn6v3O2pu4UlvNoBJI7rsLrWllcFajv8Y=",
        "last_login": "2021-08-29T14:52:29.248Z",
        "is_superuser": true,
        "username": "farrelleoin93@gmail.com",
        "first_name": "Eoin",
        "last_name": "Farrell",
        "email": "farrelleoin93@gmail.com",
        "is_staff": true,
        "is_active": true,
        "date_joined": "2021-07-13T17:51:01Z",
        "groups": [],
        "user_permissions": []
      }
    },
    {
      "model": "auth.user",
      "pk": 2,
      "fields": {
        "password": "pbkdf2_sha256$260000$Wo1oYg97Byhizy1B7rIq5b$n4WA9ChS2GvYY3rcJ/HEk1BfQiYpQVWTe0f6WHugEAs=",
        "last_login": null,
        "is_superuser": false,
        "username": "testytest",
        "first_name": "",
        "last_name": "",
        "email": "test@test.com",
        "is_staff": false,
        "is_active": true,
        "date_joined": "2021-08-17T10:22:00.614Z",
        "groups": [],
        "user_permissions": []
      }
    },
    {
      "model": "auth.user",
      "pk": 3,
      "fields": {
        "password": "pbkdf2_sha256$260000$s5RXTA9jxYGEKN9SZiZoY9$Sm6Vqp/hcgouOHKUklSbpaAZSiXoYtDhIHpEUxx7Y0w=",
        "last_login": null,
        "is_superuser": false,
        "username": "testytestytest",
        "first_name": "",
        "last_name": "",
        "email": "testing@test.com",
        "is_staff": false,
        "is_active": true,
        "date_joined": "2021-08-17T10:26:51.964Z",
        "groups": [],
        "user_permissions": []
      }
    },
    {
      "model": "auth.user",
      "pk": 4,
      "fields": {
        "password": "pbkdf2_sha256$260000$U77f2iTS5JCU9vN82AUJwV$/tKyFfI3GKa/AJF/8xrPvfMYChQhQcZHSK90uTQh5FU=",
        "last_login": "2021-08-17T10:45:11.253Z",
        "is_superuser": false,
        "username": "testytestytest24",
        "first_name": "",
        "last_name": "",
        "email": "testingtesting@test.com",
        "is_staff": false,
        "is_active": true,
        "date_joined": "2021-08-17T10:42:35.601Z",
        "groups": [],
        "user_permissions": []
      }
    },
    {
      "model": "auth.user",
      "pk": 5,
      "fields": {
        "password": "pbkdf2_sha256$260000$yVd8PqO8Kv45Qws6w12vJX$Af7WKs8lcQwp8GbYBd4y1HTzthTzTOjN0Ytir4Jn6g8=",
        "last_login": "2021-08-29T14:22:03.207Z",
        "is_superuser": false,
        "username": "megansarah94",
        "first_name": "",
        "last_name": "",
        "email": "megansarah94@gmail.com",
        "is_staff": false,
        "is_active": true,
        "date_joined": "2021-08-18T12:49:24.655Z",
        "groups": [],
        "user_permissions": []
      }
    },
    {
      "model": "auth.user",
      "pk": 6,
      "fields": {
        "password": "pbkdf2_sha256$260000$WvCHMy7e6LwH4SR7Q4drHv$2f0+YZJXifvXejIg6HTf0cLodd4NklZSohw156pUHNE=",
        "last_login": "2021-08-27T12:45:46.982Z",
        "is_superuser": true,
        "username": "farrelleoin93",
        "first_name": "",
        "last_name": "",
        "email": "farrelleoin93@gmail.com",
        "is_staff": true,
        "is_active": true,
        "date_joined": "2021-08-20T11:36:02.892Z",
        "groups": [],
        "user_permissions": []
      }
    },
    {
      "model": "auth.user",
      "pk": 7,
      "fields": {
        "password": "pbkdf2_sha256$260000$TEaBI4BcllLdWB2bR9O7Rf$G6sWS5XNyPpeKS7aJZS5Fnw+CkDHLLYD62vPTq7CXZw=",
        "last_login": "2021-08-26T09:44:21.785Z",
        "is_superuser": false,
        "username": "test123",
        "first_name": "",
        "last_name": "",
        "email": "test2@test.com",
        "is_staff": false,
        "is_active": true,
        "date_joined": "2021-08-26T09:43:02.143Z",
        "groups": [],
        "user_permissions": []
      }
    },
    {
      "model": "auth.user",
      "pk": 8,
      "fields": {
        "password": "pbkdf2_sha256$260000$8k9aTwArHPhth4kLKORhfY$upCMPTCef8I+xfmv7f2MTKhxgx1wONdOoFvstX0so/E=",
        "last_login": "2021-08-30T23:32:26.952Z",
        "is_superuser": true,
        "username": "admin",
        "first_name": "",
        "last_name": "",
        "email": "admin@admin.com",
        "is_staff": true,
        "is_active": true,
        "date_joined": "2021-08-26T10:13:39.762Z",
        "groups": [],
        "user_permissions": []
      }
    },
    {
      "model": "auth.user",
      "pk": 9,
      "fields": {
        "password": "pbkdf2_sha256$260000$1GheacQw0cQKWCPKRhdQuh$yW3Y4EyWC264xT37WexPbd05sEDLp5lb0wwmjoEdLzQ=",
        "last_login": "2021-08-30T23:34:22.066Z",
        "is_superuser": false,
        "username": "test1",
        "first_name": "",
        "last_name": "",
        "email": "test1@test1.com",
        "is_staff": false,
        "is_active": true,
        "date_joined": "2021-08-30T23:34:00.440Z",
        "groups": [],
        "user_permissions": []
      }
    },
    {
      "model": "sessions.session",
      "pk": "1y3zxsuy62tr2db5so9yiuybvbidw2g4",
      "fields": {
        "session_data": ".eJxVjDEOgzAMRe_iGUWlxAlk7M4ZkB07QFuBRGBC3L1FYmH9772_A1MPYYcnhLKACoI9CuhoW4duy7p0o0CAEm4bU_zodAJ509TPJs7TuoxsTsVcNJt2Fv2-Lvd2MFAe_nVUlYYtISbPQl7SQzRxnRBtU3IUqsljxZaZNDqyjtknR44dVhYVjh-hvz6k:1mD6Yz:IqWVdOfhxWKdev5vv7pgRYkHqpsUyEd8ksVLBcWdOMA",
        "expire_date": "2021-08-23T14:47:37.812Z"
      }
    },
    {
      "model": "sessions.session",
      "pk": "43205dfzo1mv1435b7p8j0h93iwnaox4",
      "fields": {
        "session_data": "eyJiYWciOnsiMSI6MX19:1mCJAs:CM_-kHux97hZp_irWJDD-Gsdzx9dCR7W0SSztq4FSQI",
        "expire_date": "2021-08-21T10:03:26.100Z"
      }
    },
    {
      "model": "sessions.session",
      "pk": "4xd2eh6xhczcoc60cve5dzifzrfhl33i",
      "fields": {
        "session_data": ".eJxVjEEOgjAQRe_StWkgdFpg6d4zNDOdqVRNaygkGuPdlYSFbv97_72Ux3WZ_Fpl9onVqFp1-N0Iw1XyBviC-Vx0KHmZE-lN0Tut-lRYbsfd_QtMWKfvO4jwQAYBoiNGx7FhidRHADO0FBh7dNCRIUIJFo0lctGiJQudAdmiVWpNJXt53NP8VGPz_gAN1EEj:1mHaGH:3nKNL6nt9kPjahxy5NeJ-HGzV0gzsBb2dWwGy-dStGk",
        "expire_date": "2021-09-04T23:18:49.975Z"
      }
    },
    {
      "model": "sessions.session",
      "pk": "5026gpuijkwucseih14tcv7mydlz8gau",
      "fields": {
        "session_data": ".eJxVjDsOhDAMBe_iGkUbESeQcvs9A7JjB9hdgcSnQtwdkGho38y8DZhaiBtYiNYWUEL0ewENrUvXrLNOTS8QT_rYmNJPhwvIl4Z2NGkclqlncynmprP5jKL_9-0-Djqau7NOqlKzI8QcWChIfolmrjKiqy0noYoCluyYSZMn55lD9uTZY-lQYT8AyCU-1g:1m9TPT:kSxbjuk3v6TUPTRnsRwWE9WfM2cMM8K1ASLOzFlm35k",
        "expire_date": "2021-08-13T14:22:47.603Z"
      }
    },
    {
      "model": "sessions.session",
      "pk": "62s5r7zpfvyvdmc21y10dw8dkuij4cvv",
      "fields": {
        "session_data": "e30:1mH2n8:MDK1EoZF6VtsbmnVVg7D-bUWLjM-6_GxwLQvucv6tr0",
        "expire_date": "2021-09-03T11:34:30.507Z"
      }
    },
    {
      "model": "sessions.session",
      "pk": "7x1fdafajlrmx0qwdd28qijbyw3rszc5",
      "fields": {
        "session_data": ".eJxljVEKgzAMQO_SbxGrtVX_touUmKRY1tVhdWyM3X0qMhj7zHvJy0sA4rjE2d558s4zWb6CD6KLSwjZ1y6JJ9EJJTJhYZmHHVhP_6wHvHDcBISw4fxo5PvOoVN-WieOs0eY_RjPx9VPaoA0rJ2KqKgV6rpwpqQWejAECFrKqi1l3apGGZDkCMpCIlbayVqyodb1jcZGbtHEKa1vLD9ufnqKrnh_AGc5VT0:1mFwal:QYL3kCR42xWJrEV_ZqmKA4zIidESo3nX02BNNRbRVVk",
        "expire_date": "2021-08-31T10:45:11.416Z"
      }
    },
    {
      "model": "sessions.session",
      "pk": "7xm1ktqqe1omeozjs7dv3xm4bttv6qs2",
      "fields": {
        "session_data": "eyJiYWciOnsiMiI6MX19:1mAAoc:PtqoahS2na0NI2bKeLOXTft7bkHcEFcg2tr2lUY0jos",
        "expire_date": "2021-08-15T12:43:38.996Z"
      }
    },
    {
      "model": "sessions.session",
      "pk": "8uj9fr9p97l9imm9czzi0ek8j98c1izm",
      "fields": {
        "session_data": "eyJiYWciOnsiMSI6MywiMiI6MX19:1mAAhm:pggFHStmATvOKjxENlX7QkUA6npyqUCmkTvwwr33-ik",
        "expire_date": "2021-08-15T12:36:34.776Z"
      }
    },
    {
      "model": "sessions.session",
      "pk": "a13c6ey2gcwjhuaugz45iuoqa4uak4tu",
      "fields": {
        "session_data": "eyJiYWciOnsiMSI6M319:1mDaUc:JlBZsiSlnMVB1Js72LvhtauUcBWztXQHap3PtJHlQFM",
        "expire_date": "2021-08-24T22:45:06.143Z"
      }
    },
    {
      "model": "sessions.session",
      "pk": "abx43yr2ivcrmk17r1drpne24oxumsjw",
      "fields": {
        "session_data": ".eJxVjEEOgjAQRe_StWkgdFpg6d4zNDOdqVRNaygkGuPdlYSFbv97_72Ux3WZ_Fpl9onVqFp1-N0Iw1XyBviC-Vx0KHmZE-lN0Tut-lRYbsfd_QtMWKfvO4jwQAYBoiNGx7FhidRHADO0FBh7dNCRIUIJFo0lctGiJQudAdmiVWpNJXt53NP8VGPz_gAN1EEj:1mH8UH:BY8uh51QXcCTvQPdCOGE_6oI2F8I9r1GxrwI8wp4K2s",
        "expire_date": "2021-09-03T17:39:25.668Z"
      }
    },
    {
      "model": "sessions.session",
      "pk": "alhv59ko0ddm7x33i1vba0lxq9tyksmy",
      "fields": {
        "session_data": ".eJxVjMsOgyAUBf_lrg0BUQSW3fcbyOWltA00okkb47-3Ji7a7Zk5s4HBdZnMWsNskgcNEprfzaK7h3wAf8M8FuJKXuZkyaGQk1ZyLT48Lqf7F5iwTt93b5VVfBAiciGZl1EE52MfOzVw1bfoRIcBYxSUSUkZ6xinUVHpvPetVPGI1lBrKtmE1zPNb9C0AYsj6A04aLbvHxPpQrU:1mKsjY:GG58621okSYG2HHGX1E_D01KYpkHRMd3iJRWfO4uaqU",
        "expire_date": "2021-09-14T01:38:40.808Z"
      }
    },
    {
      "model": "sessions.session",
      "pk": "ame327wedaixlumz5nk6wgcw3au8jni7",
      "fields": {
        "session_data": "eyJiYWciOnsiMiI6MX19:1mAAh7:MW5wm6k8vZwUoZkKy4BJmH_bgrP2xMVeEpwMubivENs",
        "expire_date": "2021-08-15T12:35:53.810Z"
      }
    },
    {
      "model": "sessions.session",
      "pk": "b7b7c2fgk6cp54h51pf2hjuy98ufjqlj",
      "fields": {
        "session_data": ".eJxVjMsOgjAQRf-la9JA6ANYuvcbmpnOVKqmNS0YjfHflYSFbu8597yEg3WZ3Vq5uEhiEp1ofjcEf-G0ATpDOmXpc1pKRLkpcqdVHjPx9bC7f4EZ6vx9e2YaUYHWwSKBpdASBxyC1mrs0BMMYHWPChHYG1AG0QYDBo3uleYtWrnWmJPjxy2Wp5jaRlS4s4spZDEtZeX3B5O0R0c:1mG2Zd:wrJEo8hhb-v3-llfZVfcQiPy8lAxjGFzERS7ZOXXwDc",
        "expire_date": "2021-08-31T17:08:25.155Z"
      }
    },
    {
      "model": "sessions.session",
      "pk": "cg2ibsss509khe5rgfk4uvk0wxtirufq",
      "fields": {
        "session_data": ".eJxVjMsOgjAQRf9l1oRA6AO6dO83NDPtFKqmNRQSDeHflYSFbu8592xgcV0muxaebfRgoIXqdyN0d04H8DdMY65dTsscqT6U-qSlvmbPj8vp_gUmLNP37Zj9QAKlDJo8ah8az4H6IKUYWnIee9SyI0GE7BQKRaSDQkVKdkLyES1cSszJ8usZ5zeYpgLCEcwGHZh23z-17UTR:1mK5Zi:2UAmWP1UpK-qJt6ruVU_BlflFh4Atd0U6do8xt0qBi8",
        "expire_date": "2021-09-11T21:09:14.129Z"
      }
    },
    {
      "model": "sessions.session",
      "pk": "ddfgfr2b9hxb7kfvcw75d1qaabuuhdmo",
      "fields": {
        "session_data": "eyJiYWciOnsiMSI6Nn19:1m5kNl:p-GIY_u28BWD6x5d97ZCMo9FKnV4lDSPYocbt99CsmA",
        "expire_date": "2021-08-03T07:41:37.935Z"
      }
    },
    {
      "model": "sessions.session",
      "pk": "dtse7m5r74m1nmwwihzqfuc3vsmde179",
      "fields": {
        "session_data": "e30:1mFeDT:lpRhTrXPpbmcrxuFuCVLiam5CVoZOAxV1QiFUdZe06I",
        "expire_date": "2021-08-30T15:07:55.095Z"
      }
    },
    {
      "model": "sessions.session",
      "pk": "e2zyksv03qhrvslp153omonaqeh4zjwq",
      "fields": {
        "session_data": "eyJzYXZlX2luZm8iOmZhbHNlLCJiYWciOnsiMSI6MX19:1mFXm0:RqCp-mvvcixzKbm7y-es_verLGMcnWikiG7sXLGhxTo",
        "expire_date": "2021-08-30T08:15:08.652Z"
      }
    },
    {
      "model": "sessions.session",
      "pk": "fj4izwa6il3xz7fwbdtz4k7ezfmczgpo",
      "fields": {
        "session_data": ".eJxVjMsOgjAQRf9l1oRA6AO6dO83NDPtFKqmNRQSDeHflYSFbu8592xgcV0muxaebfRgoIXqdyN0d04H8DdMY65dTsscqT6U-qSlvmbPj8vp_gUmLNP37Zj9QAKlDJo8ah8az4H6IKUYWnIee9SyI0GE7BQKRaSDQkVKdkLyES1cSszJ8usZ5zeYpgLCEcwGHZh23z-17UTR:1mIwJz:PoelFXLHOn0fy0L2pvMmlSaXpCwB1Bvn4ZQ5tebUr6E",
        "expire_date": "2021-09-08T17:04:15.592Z"
      }
    },
    {
      "model": "sessions.session",
      "pk": "fvp698be3rrpzdp9ipk78ell9thbp5fb",
      "fields": {
        "session_data": ".eJxVjMsKgzAQRf8l6xIU81CX3fcbwkxmomlLUoyCRfz3VnDj9p5zzyYQBtFv-004WObRLYUnF0n0ohaXDcG_OB2AnpCGLH1O8xRRHoo8aZGPTPy-n-4lMEIZ_2_PTB0q0DpYJLAUKuKAbdBadTV6ghasblAhAnsDyiDaYMCg0Y3SfEQLlxJzcrx-4vQVfbX_ADMyQ-8:1mIHb9:6WHQmbD1mksaFuY4Ijhn7ReuGpDohi-DldboL-yGx-k",
        "expire_date": "2021-09-06T21:35:15.719Z"
      }
    },
    {
      "model": "sessions.session",
      "pk": "gzn3o6a196r0ynbpynm4fmff5rgnurys",
      "fields": {
        "session_data": ".eJxVjMsOgjAQRf-la9JA6ANYuvcbmpnOVKqmNS0YjfHflYSFbu8597yEg3WZ3Vq5uEhiEp1ofjcEf-G0ATpDOmXpc1pKRLkpcqdVHjPx9bC7f4EZ6vx9e2YaUYHWwSKBpdASBxyC1mrs0BMMYHWPChHYG1AG0QYDBo3uleYtWrnWmJPjxy2Wp5jaRlS4s4spZDEtZeX3B5O0R0c:1mH4hS:tl4ZCsM1wF8TQbh8ml_6JKrl3U3GyX8f8cxXNnPWJ18",
        "expire_date": "2021-09-03T13:36:46.067Z"
      }
    },
    {
      "model": "sessions.session",
      "pk": "h8eafeffd0laz0w3q7lft9sqimb85vkd",
      "fields": {
        "session_data": "eyJiYWciOnsiMyI6MX19:1mAAfy:U2tZsmmy2w3pXejmgawBR2x7AkYxQi8IzfWbwZAyH0I",
        "expire_date": "2021-08-15T12:34:42.821Z"
      }
    },
    {
      "model": "sessions.session",
      "pk": "hur0qoiy54wnajst0gbig9ooviduk8ce",
      "fields": {
        "session_data": "eyJzYXZlX2luZm8iOmZhbHNlLCJiYWciOnsiMyI6MX19:1mFeD6:HI3nOEUINY6M4bqsc-ZpyF5sGp7VUxgPYAOMmvbQrWQ",
        "expire_date": "2021-08-30T15:07:32.326Z"
      }
    },
    {
      "model": "sessions.session",
      "pk": "hz9dqnauh0bgeozyfyqq8w9a9r0aeiol",
      "fields": {
        "session_data": "eyJiYWciOnsiMSI6MSwiMyI6NX19:1m5WJs:oxsKYaQZ07NhATe5-OtftY6zXbTwKy5hVKxWEcZJ4Ls",
        "expire_date": "2021-08-02T16:40:40.694Z"
      }
    },
    {
      "model": "sessions.session",
      "pk": "ip8g10eczxkaltj13n9qxdx39tftembi",
      "fields": {
        "session_data": "eyJzYXZlX2luZm8iOmZhbHNlfQ:1mEO4c:t_9AcEG5kn_9E8-EJiE360VnAiGYupAzkwaEoHx3gW0",
        "expire_date": "2021-08-27T03:41:34.131Z"
      }
    },
    {
      "model": "sessions.session",
      "pk": "ljxp3w3j1gq3e7fphk6fofmlsfchsx8t",
      "fields": {
        "session_data": ".eJxVjMsOgjAQRf-la9JA6ANYuvcbmpnOVKqmNS0YjfHflYSFbu8597yEg3WZ3Vq5uEhiEp1ofjcEf-G0ATpDOmXpc1pKRLkpcqdVHjPx9bC7f4EZ6vx9e2YaUYHWwSKBpdASBxyC1mrs0BMMYHWPChHYG1AG0QYDBo3uleYtWrnWmJPjxy2Wp5jaRlS4s4spZDEtZeX3B5O0R0c:1mKVHr:p1RQSp1Y9fBoG415WU5fgB4kuereELisTD-_lmhsNEs",
        "expire_date": "2021-09-13T00:36:31.508Z"
      }
    },
    {
      "model": "sessions.session",
      "pk": "m3c14tf86ex4dlotsnqxsva6giwyrgp2",
      "fields": {
        "session_data": ".eJxVjMEOwiAQBf-FsyFQKIUevfsNZGFZixowpU00xn_XJj3o9c28eTEP6zL5taXZZ2Qjs-zwuwWI11Q2gBco58pjLcucA98UvtPGTxXT7bi7f4EJ2vR998EFpwZjSBkr0ZJJEakn7Qbl-g6i0ZCAyAhprZBSSyXICRsRsbOOtmhLreVafHrc8_xko3h_AIlJPwc:1mJII1:p4LkW3XmGqGFzHXpuEG3CtUwoOyJSkCBExvNt8-9xwQ",
        "expire_date": "2021-09-09T16:31:41.150Z"
      }
    },
    {
      "model": "sessions.session",
      "pk": "mwfo7w90lh1f3rxu77f2uj45159h6o4i",
      "fields": {
        "session_data": "eyJiYWciOnsiNSI6MX19:1mAAm1:r5X2XZsKHw5H3p4dcqQ2IQIC6L8L3Zd0crUpTT7ydig",
        "expire_date": "2021-08-15T12:40:57.483Z"
      }
    },
    {
      "model": "sessions.session",
      "pk": "n04glljwecosg2rigeejmss96hvt2iy5",
      "fields": {
        "session_data": ".eJxVjEEOgjAQRe_StWkgdFpg6d4zNDOdqVRNaygkGuPdlYSFbv97_72Ux3WZ_Fpl9onVqFp1-N0Iw1XyBviC-Vx0KHmZE-lN0Tut-lRYbsfd_QtMWKfvO4jwQAYBoiNGx7FhidRHADO0FBh7dNCRIUIJFo0lctGiJQudAdmiVWpNJXt53NP8VGPz_gAN1EEj:1mHy7H:x1EhGqsiZiYpyBNIyHFjeXGpojnv_F4aDX2soEQmasw",
        "expire_date": "2021-09-06T00:47:07.857Z"
      }
    },
    {
      "model": "sessions.session",
      "pk": "n45xt9tcfegcep8fsapdqjw4wk61kg7u",
      "fields": {
        "session_data": ".eJxVjEEOgjAQRe_StWkgdFpg6d4zNDOdqVRNaygkGuPdlYSFbv97_72Ux3WZ_Fpl9onVqFp1-N0Iw1XyBviC-Vx0KHmZE-lN0Tut-lRYbsfd_QtMWKfvO4jwQAYBoiNGx7FhidRHADO0FBh7dNCRIUIJFo0lctGiJQudAdmiVWpNJXt53NP8VGPz_gAN1EEj:1mIF5x:m1mTmFjZ_OKIs1jipt5q5ayGZieuIbGR1nbHmM81yD4",
        "expire_date": "2021-09-06T18:54:53.013Z"
      }
    },
    {
      "model": "sessions.session",
      "pk": "okil3qtbr2ja2ba2n706vqmmc83vj2cv",
      "fields": {
        "session_data": ".eJxVjr0OgzAMhN_FM4pKiRPI2L3PgOzYAdoKJH4mxLs3SAztdrr77nQ7tLStfbstOreDQIASil-PKb51PAN50dhNJk7jOg9sTsRc6WKek-jncbF_Az0tfW5HVWnYEmLyLOQl3UQT1wnRNiVHoZo8VmyZSaMj65h9cuTYYWVR8yhTB2GHO4SyyDdDVYDN-ji-aTo_sA:1mAAkd:kgpxlF0wpSK6hIo-tku8yJ-AHLQ8esTkz9HkxWF5GSc",
        "expire_date": "2021-08-15T12:39:31.992Z"
      }
    },
    {
      "model": "sessions.session",
      "pk": "owall67tyj25l5dbjubv2mmc3kfeg606",
      "fields": {
        "session_data": "eyJiYWciOnsiMiI6MX19:1mAAi0:J7y1x7t7SyNaYy3wTnVs7mnU7fWerxm504qB-SP5_sQ",
        "expire_date": "2021-08-15T12:36:48.700Z"
      }
    },
    {
      "model": "sessions.session",
      "pk": "phw60v95bmgchmi74qsxo5kgq4mn1gbk",
      "fields": {
        "session_data": ".eJxVjEEOgjAQRe_StWkgdFpg6d4zNDOdqVRNaygkGuPdlYSFbv97_72Ux3WZ_Fpl9onVqFp1-N0Iw1XyBviC-Vx0KHmZE-lN0Tut-lRYbsfd_QtMWKfvO4jwQAYBoiNGx7FhidRHADO0FBh7dNCRIUIJFo0lctGiJQudAdmiVWpNJXt53NP8VGPz_gAN1EEj:1mHxbt:77zRzk_rTXMw6shEq4ttOHPCt3S87tzecfu7Rycdb2U",
        "expire_date": "2021-09-06T00:14:41.081Z"
      }
    },
    {
      "model": "sessions.session",
      "pk": "q9k6e7ekt3f7q56su5a4ax8hkqcln6s2",
      "fields": {
        "session_data": "eyJiYWciOnsiMSI6MiwiNCI6M319:1mAAgl:jItnm4qHvVfsFQwRIm9ZvthKJJ-_qgrDxPm7X9dPwhU",
        "expire_date": "2021-08-15T12:35:31.666Z"
      }
    },
    {
      "model": "sessions.session",
      "pk": "qdavjpe595yryfwo9nu1i50662hw8wrc",
      "fields": {
        "session_data": ".eJxVTj1vwjAQ_SvWLV2siBDbgWwwdOvWjSDrzndJoGBLcZgQ_72molK7vOF938HjbZn8LcvsTwwd1KD_coThS-JT4DPGMVUhxWU-UfW0VC81Vx-J5bJ_ef8VTJinkg4ivCWD1g4tMbY8rFgG2gzWmm1NgXGDrW3IEKEEh8YRtYNDR842xkopJRyhu5eDXa2h-cF1wUeZu0rOOEouQ4dDD96fc4q_bA9arbRaW6162DELq3ecrzK_ZfWJUe3Tslwk93A8wuMb92NYGg:1mGJg8:ku8KDODi7Xj4_MzhBBzlYXVg-W61GDVzOjdx3D16HqE",
        "expire_date": "2021-09-01T11:24:16.769Z"
      }
    },
    {
      "model": "sessions.session",
      "pk": "qp7yml6yt5d38x9p7wjga2zt81r9kq38",
      "fields": {
        "session_data": "e30:1mFwAO:A-wZmmqw14euwV1QmDLgv763Sso6mWwV7eP29duHRhk",
        "expire_date": "2021-08-31T10:17:56.662Z"
      }
    },
    {
      "model": "sessions.session",
      "pk": "qpcqtk2h7sum0025vnmzgbcg8qzb3eh6",
      "fields": {
        "session_data": "eyJiYWciOnsiMiI6MX19:1mIZPo:ttLu_9J6OjufFKQAmbcqeO1NBfKvzeGxGHtcNOw8jvw",
        "expire_date": "2021-09-07T16:36:44.237Z"
      }
    },
    {
      "model": "sessions.session",
      "pk": "qrnvfzf1ymryfofvev7aj0opll2aab0p",
      "fields": {
        "session_data": ".eJxVjEEOgjAQRe_StWkgdFpg6d4zNDOdqVRNaygkGuPdlYSFbv97_72Ux3WZ_Fpl9onVqFp1-N0Iw1XyBviC-Vx0KHmZE-lN0Tut-lRYbsfd_QtMWKfvO4jwQAYBoiNGx7FhidRHADO0FBh7dNCRIUIJFo0lctGiJQudAdmiVWpNJXt53NP8VGPz_gAN1EEj:1mIX1i:fpztuWmyVqG3TS1aU_Toy8cJBVuQ3I2duOc4W7G0QNw",
        "expire_date": "2021-09-07T14:03:42.441Z"
      }
    },
    {
      "model": "sessions.session",
      "pk": "rmjzwt327ion99kuv3gnghdld8caism0",
      "fields": {
        "session_data": ".eJxVjEEOgjAQRe_StWkkdFpw6d4zNPM7U4saSCisiHdXEha6_e-9v5nI61LiWnWOg5iLaczpdwOnp447kAeP98mmaVzmAXZX7EGrvU2ir-vh_h0UruVbJ1Xp4ZgoBwgHyWfRjC4Tub5BEu44UAsHsCbPzgMhe_bw1DpS8_4APYY55g:1m4B3c:ER9kvgsUtuZ1pufDOQb4OlQQo4N7K7GhCuBZTEeVFDA",
        "expire_date": "2021-07-29T23:46:20.496Z"
      }
    },
    {
      "model": "sessions.session",
      "pk": "sbrqkmoo6u6q2d8d3f3ah0y2cczote74",
      "fields": {
        "session_data": ".eJxVjDsOgzAQBe-yNUJB-AMu0-cM1q53DSSRLWFIg7h7QKJI2jfzZgOP6zL6tcjsJwYHDVS_G2F4SToBPzENuQ45LfNE9anUFy31I7O875f7FxixjMc7iHBPCrWOlhgtxxtLpC5qrfqGAmOHVrekiFCCQWWIbDRoyOhWaTmiBT_ipxQzuGVepQLCAdwGLbhm37_hFEO4:1mELJG:K19OZCsGt1slgjL7xTO8MVy7I-EfyfT7OZ8i9NxvvGA",
        "expire_date": "2021-08-27T00:44:30.349Z"
      }
    },
    {
      "model": "sessions.session",
      "pk": "sg8ktszanend7cr224egep6x959nzzuo",
      "fields": {
        "session_data": ".eJxVjEEOgjAQRe_StWkkdFpw6d4zNPM7U4saSCisiHdXEha6_e-9v5nI61LiWnWOg5iLaczpdwOnp447kAeP98mmaVzmAXZX7EGrvU2ir-vh_h0UruVbJ1Xp4ZgoBwgHyWfRjC4Tub5BEu44UAsHsCbPzgMhe_bw1DpS8_4APYY55g:1mDuuP:KsiJI79IGp2nTJwT_NhuiTgUyh4Ea7uTp-QkBrFtoAY",
        "expire_date": "2021-08-25T20:33:05.187Z"
      }
    },
    {
      "model": "sessions.session",
      "pk": "t0zmc4oc4tid9f5qakasezp02nb799ci",
      "fields": {
        "session_data": "eyJiYWciOnsiMyI6MX19:1mCK1q:gSjPdhDiW5trj9qa0nvWbHywOpudqpGKEB9DCYUUy9Y",
        "expire_date": "2021-08-21T10:58:10.864Z"
      }
    },
    {
      "model": "sessions.session",
      "pk": "ty1dlhdjdkrditkrv0q8co833uvgsvzu",
      "fields": {
        "session_data": ".eJxljMsOwiAQRf-FddNQAftYuvcbCDMMFq1goBiN8d-1pjExbs859z6YQYwlzPpKyTtPVtPZ-IkNoUxT9bUlU2ID61nFtCnz-AHa238GBk8UFmGPJhxijTHMyUO9JPVqc72Plqbd2v4cjCaP7zWBQIWSpEIBDQcih0r1W8MbidhKyYUTboN9x3snQEJL0AjZCauIY8OX00w5-xg03S4-3dnAny-l7lD4:1mKqnT:6dOKm9SE4V4_ePvl7-sAtRbUDVJC6NBgpM8n0TfknSM",
        "expire_date": "2021-09-13T23:34:35.086Z"
      }
    },
    {
      "model": "sessions.session",
      "pk": "ucylrvu7ugu0jxskpd93um6z5dnnki17",
      "fields": {
        "session_data": "eyJiYWciOnsiNSI6MX19:1mAAhR:bT8iEO4dM2R0SnRFm_pSJImx6GoklfldkmRgWBAZk_4",
        "expire_date": "2021-08-15T12:36:13.275Z"
      }
    },
    {
      "model": "sessions.session",
      "pk": "uy74896chtka57q6r810fjk859ytv9s0",
      "fields": {
        "session_data": ".eJxVjEEOwiAQRe_C2hDaSWHq0r1nIDMMlaqBpLSrxrtLky50-977f1eetjX5rcbFz6KuyqrLL2MKr5gPIU_Kj6JDyesysz4Sfdqq70Xi-3a2fweJampr4GhGQSdooScAZO6QZRhEwHJEYyYkNL2DBrD9WhMcSWftNIpEpz5f7Is4bA:1mHuB8:SNTbr4YqvgmxE57_vTsaQqpFIcYhEuqupmLelmY1XVY",
        "expire_date": "2021-09-05T20:34:50.534Z"
      }
    },
    {
      "model": "sessions.session",
      "pk": "waf0860c3ihea45zz9ml2pjaeycwody5",
      "fields": {
        "session_data": ".eJxVjEEOgjAQRe_StWkkdFpw6d4zNPM7U4saSCisiHdXEha6_e-9v5nI61LiWnWOg5iLaczpdwOnp447kAeP98mmaVzmAXZX7EGrvU2ir-vh_h0UruVbJ1Xp4ZgoBwgHyWfRjC4Tub5BEu44UAsHsCbPzgMhe_bw1DpS8_4APYY55g:1m3r6r:56XffllxW1lm-Ner-sOJv-T0YaF2d_QYlmSerh2Yjyk",
        "expire_date": "2021-07-29T02:28:21.142Z"
      }
    },
    {
      "model": "sessions.session",
      "pk": "wd94ae2xl6xwwx5fa0fkyza9dqr8yffl",
      "fields": {
        "session_data": ".eJxVjEEOgjAQRe_StWkkdFpw6d4zNPM7U4saSCisiHdXEha6_e-9v5nI61LiWnWOg5iLaczpdwOnp447kAeP98mmaVzmAXZX7EGrvU2ir-vh_h0UruVbJ1Xp4ZgoBwgHyWfRjC4Tub5BEu44UAsHsCbPzgMhe_bw1DpS8_4APYY55g:1m3Meb:-ukAixdorVxnO3P9r4lj_DM5oIVps8fdI1AKCfgkt_0",
        "expire_date": "2021-07-27T17:57:09.376Z"
      }
    },
    {
      "model": "sessions.session",
      "pk": "wx1u3yjsobu05w5bvh5it7iswk6fjfuf",
      "fields": {
        "session_data": ".eJxljEFuwyAQRe8ya8sCm7iYZfc5A5qBIaZ1IQITpYpy98ZRVKnq9r33_w3QudzSZi9cYojsLX9hXMGktq7dr22VCxg4QAcW27Y8gY3-PyN0n5x24T8wnXLvctpKpH5P-pet_TF7Xt9f7Z-DBevyWKNCKQcaZhHGN68UjSS0kOM8BeEkU_AH5slPagiktZrFID1JqYOepAoz7aeVa405Wb6eY_kGIzqoeGEbU8hgttK4A8ITmBuMYOT9_gPN7lo7:1mGL2X:xSmJifpmErMX6dHGbUBEBj9N7XNscG9weEDVtf0S_Xg",
        "expire_date": "2021-09-01T12:51:29.113Z"
      }
    },
    {
      "model": "sessions.session",
      "pk": "x18gfutq284uwq9q1t3h4d4b903gknef",
      "fields": {
        "session_data": "eyJiYWciOnsiMyI6MX19:1mAAfA:9vxqdjxBwQKBxgE-xPRNSiGgpNmi8sw4RJyI9xsZ7IE",
        "expire_date": "2021-08-15T12:33:52.771Z"
      }
    },
    {
      "model": "sessions.session",
      "pk": "x4e5liy4pnowmix7lfnpsou06oqqgvnb",
      "fields": {
        "session_data": ".eJxVjEEOwiAQRe_C2hDaSWHq0r1nIDMMlaqBpLSrxrtLky50-977f1eetjX5rcbFz6KuyqrLL2MKr5gPIU_Kj6JDyesysz4Sfdqq70Xi-3a2fweJampr4GhGQSdooScAZO6QZRhEwHJEYyYkNL2DBrD9WhMcSWftNIpEpz5f7Is4bA:1mHeLd:MbTmUOjhhekdQd2VdGKaHILnNt6JvzyYTHMPEM1k7Xs",
        "expire_date": "2021-09-05T03:40:37.608Z"
      }
    },
    {
      "model": "sessions.session",
      "pk": "xjhiilh2sn9cytydgzl0peur400mkpqb",
      "fields": {
        "session_data": ".eJxVjssOgjAQRX8FZ00ISluUpXu_QEwz05kCPsBQSDTGf7ckbNyee-6d-QBhA9UHDFS7bwoW56m1c5DRdgwVbOGPEbqb9EvAV-ybIXNDP40dZYuSrWnITgPL_bi6fwMthja2nQgfSKHWviTGkn3O4mnvtVaHLTnGPZa6IEWE4gwqQ1R6g4aMLpSWZTRICN3QW3k9u_ENVR7ZIzJsJMQT53MN1l5DNFZaQ5rkabLTaVLDUWRM4pcyCW9quFzg-wNlMliv:1mHaBC:G61EIFoQvXzpeY1voM-ZCCY4j8-UEuArgFEomBQhWL0",
        "expire_date": "2021-09-04T23:13:34.539Z"
      }
    },
    {
      "model": "sessions.session",
      "pk": "xlccmtnkbq8xlmj59onqjz21p1m30hcl",
      "fields": {
        "session_data": "eyJiYWciOnsiMSI6MX19:1mAAmO:zYdSPK640B186hl2oeQhXu0iDj-QestitePQVFvf-dg",
        "expire_date": "2021-08-15T12:41:20.758Z"
      }
    },
    {
      "model": "sessions.session",
      "pk": "yrerijxaamr15u5xcz3m21n2we98m1fz",
      "fields": {
        "session_data": "eyJiYWciOnsiMSI6MSwiNCI6Nn19:1mCIzh:zyyvBnPz3E-9kGkN9v8xuqhcShS9awjnszUxavItxTI",
        "expire_date": "2021-08-21T09:51:53.176Z"
      }
    },
    {
      "model": "sites.site",
      "pk": 1,
      "fields": {
        "domain": "12acres.example.com",
        "name": "12 Acres"
      }
    },
    {
      "model": "account.emailaddress",
      "pk": 1,
      "fields": {
        "user": 1,
        "email": "farrelleoin93@gmail.com",
        "verified": true,
        "primary": false
      }
    },
    {
      "model": "account.emailaddress",
      "pk": 2,
      "fields": {
        "user": 2,
        "email": "test@test.com",
        "verified": false,
        "primary": true
      }
    },
    {
      "model": "account.emailaddress",
      "pk": 3,
      "fields": {
        "user": 3,
        "email": "testing@test.com",
        "verified": false,
        "primary": true
      }
    },
    {
      "model": "account.emailaddress",
      "pk": 4,
      "fields": {
        "user": 4,
        "email": "testingtesting@test.com",
        "verified": true,
        "primary": true
      }
    },
    {
      "model": "account.emailaddress",
      "pk": 5,
      "fields": {
        "user": 5,
        "email": "megansarah94@gmail.com",
        "verified": true,
        "primary": true
      }
    },
    {
      "model": "account.emailaddress",
      "pk": 6,
      "fields": {
        "user": 7,
        "email": "test2@test.com",
        "verified": true,
        "primary": true
      }
    },
    {
      "model": "account.emailaddress",
      "pk": 7,
      "fields": {
        "user": 8,
        "email": "admin@admin.com",
        "verified": true,
        "primary": true
      }
    },
    {
      "model": "account.emailaddress",
      "pk": 8,
      "fields": {
        "user": 9,
        "email": "test1@test1.com",
        "verified": true,
        "primary": true
      }
    },
    {
      "model": "home.newsletter",
      "pk": 1,
      "fields": {
        "email_address": "farrelleoin93@gmail.com",
        "date_subscribed": "2021-08-27T13:20:38.900Z"
      }
    },
    {
      "model": "beers.category",
      "pk": 1,
      "fields": {
        "name": "ale",
        "friendly_name": "Ale"
      }
    },
    {
      "model": "beers.category",
      "pk": 2,
      "fields": {
        "name": "lager",
        "friendly_name": "Lager"
      }
    },
    {
      "model": "beers.category",
      "pk": 3,
      "fields": {
        "name": "stout",
        "friendly_name": "Stout"
      }
    },
    {
      "model": "beers.beer",
      "pk": 1,
      "fields": {
        "name": "Pale Ale Bottles",
        "description": "Our award winning flagship beer, our pale ale is a take on the American Pale Ale (APA) style, with more emphasis on the malt flavour than a traditional APA. Our own spring water is the main ingredient and we add our own pale ale base malt which forms the majority of the grist, to give the fermentable sugars and flavour to our beer. We also use a small quantity of three other European speciality malts, giving more malt body, texture and additional caramel flavours to the beer. The sweetness of the malt is balanced with American hops; Cascade, Willamette and Citra, with three additions to the boil to give that distinctive American Pale Ale bitterness and citrus flavour. Our pale ale is also dry hopped to give a lovely tropical fruit aroma to the finished beer. It goes great with spicy foods!",
        "abv": "4.60",
        "category": 1,
        "price": "37.50",
        "average_rating": null,
        "image_url": null,
        "image": "pale-ale-square.jpg"
      }
    },
    {
      "model": "beers.beer",
      "pk": 2,
      "fields": {
        "name": "Farmer's Tan Bottles",
        "description": "Farmer’s Tan is a Hoppy American Brown Ale. A malt forward bee with caramel, light chocolate and nutty flavours balanced nicely with an earthy bitterness and subtle citrus flavours and aroma. By brewing with our malted barley and spring water from deep beneath the same land, we are creating unique craft Irish beers, with traceability from out ground to your glass.",
        "abv": "5.00",
        "category": 1,
        "price": "37.50",
        "average_rating": "5.00",
        "image_url": null,
        "image": ""
      }
    },
    {
      "model": "beers.beer",
      "pk": 3,
      "fields": {
        "name": "Single Malt Lager Bottles",
        "description": "Our Single Malt Lager is a very refreshing Kolsch/ German Style Beer with influence from the famous Beer of Koln. Brewed from 100% of our own malted barley, it is a crisp clean refreshing cold lagered beer. The delicate malt flavour and light fruity notes which come from the German yeast, is balanced by the classic European noble hop varieties Saaz and Heallertau Mittlefruh. The lager is given plenty of time to cold condition with extended time at a very low temperature in the tank. This beer is perfect for summer evenings and pairs nicely with fish, chicken, pastas and salads.",
        "abv": "4.20",
        "category": 2,
        "price": "37.50",
        "average_rating": null,
        "image_url": null,
        "image": "single-malt-lager-square.jpg"
      }
    },
    {
      "model": "beers.beer",
      "pk": 4,
      "fields": {
        "name": "Rye Indian Pale Ale Bottles",
        "description": "Our Rye IPA is a speciality hybrid beer combining a full flavoured American style IPA with the spicy characteristics of a traditional Rye Ale. A burnished gold / red-gold colour, the aromas showcase classic North American hop flavour – grapefruit and citrusy fruit flavour with a touch of pine.  Distinct spicy rye character is evident in the first sip, and this combines with the hop fruit flavour in the beer. The mouth-feel gives a medium body lusciousness, which supports the spice of the malted rye in the beer.  A very well balanced, spice, malt sweetness, and fruit body, all integrate to deliver a range of complex full flavours. Pairs very well with roasted and barbequed meats.",
        "abv": "5.50",
        "category": 1,
        "price": "37.50",
        "average_rating": null,
        "image_url": null,
        "image": "rye-ipa-square.jpg"
      }
    },
    {
      "model": "beers.beer",
      "pk": 5,
      "fields": {
        "name": "12 Acres Pale Ale Cans",
        "description": "Our award winning flagship beer, our pale ale is a take on the American Pale Ale (APA) style, with more emphasis on the malt flavour than a traditional APA. Our own spring water is the main ingredient and we add our own pale ale base malt which forms the majority of the grist, to give the fermentable sugars and flavour to our beer. We also use a small quantity of three other European speciality malts, giving more malt body, texture and additional caramel flavours to the beer. The sweetness of the malt is balanced with American hops; Cascade, Willamette and Citra, with three additions to the boil to give that distinctive American Pale Ale bitterness and citrus flavour. Our pale ale is also dry hopped to give a lovely tropical fruit aroma to the finished beer. It goes great with spicy foods!",
        "abv": "4.60",
        "category": 1,
        "price": "37.50",
        "average_rating": "4.00",
        "image_url": null,
        "image": "pale-ale-can_xLIXS2P.jpg"
      }
    },
    {
      "model": "beers.beer",
      "pk": 10,
      "fields": {
        "name": "test revire",
        "description": "dfqwifheqoif",
        "abv": "3.40",
        "category": 1,
        "price": "76.00",
        "average_rating": null,
        "image_url": null,
        "image": ""
      }
    },
    {
      "model": "beers.beer",
      "pk": 11,
      "fields": {
        "name": "lhfel",
        "description": "dwqbfwk",
        "abv": "3.00",
        "category": 1,
        "price": "3.00",
        "average_rating": "4.00",
        "image_url": null,
        "image": ""
      }
    },
    {
      "model": "beers.beerreview",
      "pk": 1,
      "fields": {
        "beer": 2,
        "user": 1,
        "title": "Amazing beer",
        "body": "This is my favourite 12 acres beer.",
        "rating": 5,
        "date_added": "2021-08-25T11:41:10.436Z",
        "verified_purchase": true
      }
    },
    {
      "model": "beers.beerreview",
      "pk": 3,
      "fields": {
        "beer": 3,
        "user": 1,
        "title": "testing",
        "body": "kjchsacqwc",
        "rating": 1,
        "date_added": "2021-08-25T14:24:15.483Z",
        "verified_purchase": true
      }
    },
    {
      "model": "beers.beerreview",
      "pk": 4,
      "fields": {
        "beer": 11,
        "user": 1,
        "title": "pfeihqpiqfe",
        "body": "kwqfouwqhoiwqhjkbkj",
        "rating": 3,
        "date_added": "2021-08-25T17:03:29.707Z",
        "verified_purchase": false
      }
    },
    {
      "model": "beers.beerreview",
      "pk": 8,
      "fields": {
        "beer": 1,
        "user": 8,
        "title": "ljnbca",
        "body": "ckjqwbc",
        "rating": 3,
        "date_added": "2021-08-26T10:16:38.470Z",
        "verified_purchase": false
      }
    },
    {
      "model": "beers.beerreview",
      "pk": 9,
      "fields": {
        "beer": 1,
        "user": 1,
        "title": "lngfewlnwe",
        "body": "clkjqnfoiwqfnqof",
        "rating": 5,
        "date_added": "2021-08-26T10:19:49.711Z",
        "verified_purchase": true
      }
    },
    {
      "model": "beers.beerreview",
      "pk": 10,
      "fields": {
        "beer": 1,
        "user": 5,
        "title": "kufquiwq",
        "body": "d",
        "rating": 3,
        "date_added": "2021-08-26T10:25:51.136Z",
        "verified_purchase": false
      }
    },
    {
      "model": "beers.beerreview",
      "pk": 11,
      "fields": {
        "beer": 3,
        "user": 5,
        "title": "kjcbqkjq",
        "body": "kjcbqjq",
        "rating": 5,
        "date_added": "2021-08-26T11:44:05.572Z",
        "verified_purchase": true
      }
    },
    {
      "model": "beers.beerreview",
      "pk": 12,
      "fields": {
        "beer": null,
        "user": 6,
        "title": "kjfakq",
        "body": "fwlkjhf",
        "rating": 3,
        "date_added": "2021-08-30T19:59:48.973Z",
        "verified_purchase": false
      }
    },
    {
      "model": "beers.beerreview",
      "pk": 13,
      "fields": {
        "beer": 5,
        "user": 8,
        "title": "test",
        "body": "test",
        "rating": 3,
        "date_added": "2021-08-30T23:32:48.190Z",
        "verified_purchase": false
      }
    },
    {
      "model": "beers.beerreview",
      "pk": 14,
      "fields": {
        "beer": 5,
        "user": 9,
        "title": "test 2",
        "body": "test 2",
        "rating": 5,
        "date_added": "2021-08-30T23:34:34.664Z",
        "verified_purchase": false
      }
    },
    {
      "model": "beers.beerreview",
      "pk": 15,
      "fields": {
        "beer": 11,
        "user": 8,
        "title": "hjfjf",
        "body": "jfyufyu",
        "rating": 5,
        "date_added": "2021-08-30T23:38:36.848Z",
        "verified_purchase": false
      }
    },
    {
      "model": "checkout.order",
      "pk": 1,
      "fields": {
        "user_profile": null,
        "order_number": "0DDEC1CE2CB541E4B3330CDF3C73EEAC",
        "full_name": "test",
        "email": "test@test.com",
        "phone_number": "1234567890",
        "country": "US",
        "postcode": "12344",
        "town_or_city": "dublin",
        "street_address1": "dublin",
        "street_address2": "dublin",
        "county": null,
        "date": "2021-08-13T00:31:39.529Z",
        "delivery_cost": "3.75",
        "order_total": "37.50",
        "grand_total": "41.25",
        "original_bag": "",
        "stripe_pid": ""
      }
    },
    {
      "model": "checkout.order",
      "pk": 2,
      "fields": {
        "user_profile": null,
        "order_number": "4D643AD6ACA64E28A98C1DBBB34B39A1",
        "full_name": "test",
        "email": "test@test.com",
        "phone_number": "1234567890",
        "country": "US",
        "postcode": "12345",
        "town_or_city": "dublin",
        "street_address1": "dublin",
        "street_address2": null,
        "county": null,
        "date": "2021-08-13T03:41:33.875Z",
        "delivery_cost": "3.75",
        "order_total": "37.50",
        "grand_total": "41.25",
        "original_bag": "",
        "stripe_pid": ""
      }
    },
    {
      "model": "checkout.order",
      "pk": 3,
      "fields": {
        "user_profile": null,
        "order_number": "ED8F7C65CE294C78874263C75BD3EE95",
        "full_name": "test",
        "email": "test@test.com",
        "phone_number": "1234567890",
        "country": "US",
        "postcode": null,
        "town_or_city": "dulin",
        "street_address1": "dublin",
        "street_address2": null,
        "county": null,
        "date": "2021-08-13T20:16:05.717Z",
        "delivery_cost": "3.75",
        "order_total": "37.50",
        "grand_total": "41.25",
        "original_bag": "",
        "stripe_pid": ""
      }
    },
    {
      "model": "checkout.order",
      "pk": 4,
      "fields": {
        "user_profile": null,
        "order_number": "51545E5FE0014FEBAF792C828899B1BC",
        "full_name": "test",
        "email": "test@test.com",
        "phone_number": "1234567890",
        "country": "US",
        "postcode": null,
        "town_or_city": "dublin",
        "street_address1": "dublin",
        "street_address2": null,
        "county": null,
        "date": "2021-08-13T22:53:30.983Z",
        "delivery_cost": "3.75",
        "order_total": "37.50",
        "grand_total": "41.25",
        "original_bag": "",
        "stripe_pid": ""
      }
    },
    {
      "model": "checkout.order",
      "pk": 5,
      "fields": {
        "user_profile": null,
        "order_number": "1D87C52697A048A4B979DE4AAD3BA9D0",
        "full_name": "test",
        "email": "test@test.com",
        "phone_number": "1234567890",
        "country": "US",
        "postcode": null,
        "town_or_city": "dublin",
        "street_address1": "dublin",
        "street_address2": null,
        "county": null,
        "date": "2021-08-14T02:54:58.236Z",
        "delivery_cost": "3.75",
        "order_total": "37.50",
        "grand_total": "41.25",
        "original_bag": "",
        "stripe_pid": ""
      }
    },
    {
      "model": "checkout.order",
      "pk": 6,
      "fields": {
        "user_profile": null,
        "order_number": "42108A4D3D3041AF91855DE4E5BBECAC",
        "full_name": "test",
        "email": "resr@test.com",
        "phone_number": "1234567890",
        "country": "US",
        "postcode": null,
        "town_or_city": "dublin",
        "street_address1": "dublin",
        "street_address2": null,
        "county": null,
        "date": "2021-08-14T03:45:00.537Z",
        "delivery_cost": "0.00",
        "order_total": "112.50",
        "grand_total": "112.50",
        "original_bag": "{\"1\": 3}",
        "stripe_pid": "pi_3JODnJEODlRumaAu05iBhRaV"
      }
    },
    {
      "model": "checkout.order",
      "pk": 7,
      "fields": {
        "user_profile": null,
        "order_number": "BEA11E82C043485CB54C33F0A24CA4E7",
        "full_name": "test",
        "email": "test@test.com",
        "phone_number": "1234567890",
        "country": "US",
        "postcode": null,
        "town_or_city": "kuhfeka",
        "street_address1": "hdfowqifq",
        "street_address2": null,
        "county": null,
        "date": "2021-08-14T03:52:15.497Z",
        "delivery_cost": "3.75",
        "order_total": "37.50",
        "grand_total": "41.25",
        "original_bag": "{\"3\": 1}",
        "stripe_pid": "pi_3JODuGEODlRumaAu1Kn8Ue69"
      }
    },
    {
      "model": "checkout.order",
      "pk": 8,
      "fields": {
        "user_profile": null,
        "order_number": "BCE1CD05B0BA442081D3E0329ADC1008",
        "full_name": "test",
        "email": "test@test.com",
        "phone_number": "1234567890",
        "country": "US",
        "postcode": null,
        "town_or_city": "kjduqk",
        "street_address1": "hdueqhfoueq",
        "street_address2": null,
        "county": null,
        "date": "2021-08-14T04:01:16.336Z",
        "delivery_cost": "3.75",
        "order_total": "37.50",
        "grand_total": "41.25",
        "original_bag": "{\"3\": 1}",
        "stripe_pid": "pi_3JOE39EODlRumaAu0zdZISYz"
      }
    },
    {
      "model": "checkout.order",
      "pk": 9,
      "fields": {
        "user_profile": null,
        "order_number": "6906E740EBE0489CB23DA42EFC351E09",
        "full_name": "test",
        "email": "test@test.com",
        "phone_number": "1234567890",
        "country": "AT",
        "postcode": null,
        "town_or_city": "test",
        "street_address1": "test",
        "street_address2": null,
        "county": null,
        "date": "2021-08-16T10:17:35.510Z",
        "delivery_cost": "3.75",
        "order_total": "37.50",
        "grand_total": "41.25",
        "original_bag": "{\"3\": 1}",
        "stripe_pid": "pi_3JP2qgEODlRumaAu1kvAw7oN"
      }
    },
    {
      "model": "checkout.order",
      "pk": 10,
      "fields": {
        "user_profile": null,
        "order_number": "08DDD1F82F81494DA067A29B0B92F4BD",
        "full_name": "test",
        "email": "tst@test.com",
        "phone_number": "123456789",
        "country": "BS",
        "postcode": null,
        "town_or_city": "oihfqoiwhf",
        "street_address1": "kjksajhfd",
        "street_address2": "uhfwqouf",
        "county": null,
        "date": "2021-08-17T17:08:08.447Z",
        "delivery_cost": "3.75",
        "order_total": "37.50",
        "grand_total": "41.25",
        "original_bag": "{\"3\": 1}",
        "stripe_pid": "pi_3JPVg5EODlRumaAu1T5PAqlY"
      }
    },
    {
      "model": "checkout.order",
      "pk": 11,
      "fields": {
        "user_profile": 1,
        "order_number": "82B5C54EE1E94AD6A831232361364B71",
        "full_name": "Eoin Farrell",
        "email": "farrelleoin93@gmail.com",
        "phone_number": "0852364581",
        "country": "IE",
        "postcode": "D06 FP64",
        "town_or_city": "Dublin 6w",
        "street_address1": "22 Whitton Road",
        "street_address2": "Terenure",
        "county": "Dublin",
        "date": "2021-08-18T12:26:32.773Z",
        "delivery_cost": "0.00",
        "order_total": "75.00",
        "grand_total": "75.00",
        "original_bag": "{\"2\": 2}",
        "stripe_pid": "pi_3JPnqEEODlRumaAu0yeHW2ZK"
      }
    },
    {
      "model": "checkout.order",
      "pk": 12,
      "fields": {
        "user_profile": 5,
        "order_number": "8975FD6F490C40A29D48E21977067457",
        "full_name": "Megan Sarah",
        "email": "megansarah94@gmail.com",
        "phone_number": "1234567890",
        "country": "IE",
        "postcode": "D06 FP64",
        "town_or_city": "Dublin 6w",
        "street_address1": "22 Whitton Road",
        "street_address2": "Terenure",
        "county": "Dublin",
        "date": "2021-08-18T12:51:20.171Z",
        "delivery_cost": "3.75",
        "order_total": "37.50",
        "grand_total": "41.25",
        "original_bag": "{\"3\": 1}",
        "stripe_pid": "pi_3JPoEAEODlRumaAu1dtc4jMy"
      }
    },
    {
      "model": "checkout.order",
      "pk": 13,
      "fields": {
        "user_profile": 1,
        "order_number": "C3C9E78D0C3040AB963E4287326EFD3E",
        "full_name": "Eoin Farrell",
        "email": "farrelleoin93@gmail.com",
        "phone_number": "0852364581",
        "country": "IE",
        "postcode": "D06 FP64",
        "town_or_city": "Dublin 6w",
        "street_address1": "22 Whitton Road",
        "street_address2": "Terenure",
        "county": "Dublin",
        "date": "2021-08-20T12:14:34.925Z",
        "delivery_cost": "3.75",
        "order_total": "37.50",
        "grand_total": "41.25",
        "original_bag": "{\"3\": 1}",
        "stripe_pid": "pi_3JQWc6EODlRumaAu0BlIKcDY"
      }
    },
    {
      "model": "checkout.order",
      "pk": 14,
      "fields": {
        "user_profile": 1,
        "order_number": "C9944770688146F782B5FB3174DA2D8B",
        "full_name": "Eoin Farrell",
        "email": "farrelleoin93@gmail.com",
        "phone_number": "0852364581",
        "country": "IE",
        "postcode": "D06 FP64",
        "town_or_city": "Dublin 6w",
        "street_address1": "22 Whitton Road",
        "street_address2": "Terenure",
        "county": "Dublin",
        "date": "2021-08-20T12:35:14.100Z",
        "delivery_cost": "3.75",
        "order_total": "37.50",
        "grand_total": "41.25",
        "original_bag": "{\"3\": 1}",
        "stripe_pid": "pi_3JQWw7EODlRumaAu18idJvE1"
      }
    },
    {
      "model": "checkout.order",
      "pk": 15,
      "fields": {
        "user_profile": 1,
        "order_number": "35FC745BBE3F428F8F9BA014B0EA0D98",
        "full_name": "Eoin Farrell",
        "email": "farrelleoin93@gmail.com",
        "phone_number": "0852364581",
        "country": "IE",
        "postcode": "D06 FP64",
        "town_or_city": "Dublin 6w",
        "street_address1": "22 Whitton Road",
        "street_address2": "Terenure",
        "county": "Dublin",
        "date": "2021-08-20T13:34:13.072Z",
        "delivery_cost": "3.75",
        "order_total": "37.50",
        "grand_total": "41.25",
        "original_bag": "{\"3\": 1}",
        "stripe_pid": "pi_3JQXrCEODlRumaAu1GauYIDF"
      }
    },
    {
      "model": "checkout.order",
      "pk": 16,
      "fields": {
        "user_profile": 1,
        "order_number": "E64919772E5F43BD9BB47C9AB4FF72C5",
        "full_name": "Eoin Farrell",
        "email": "farrelleoin93@gmail.com",
        "phone_number": "0852364581",
        "country": "IE",
        "postcode": "D06 FP64",
        "town_or_city": "Dublin 6w",
        "street_address1": "22 Whitton Road",
        "street_address2": "Terenure",
        "county": "Dublin",
        "date": "2021-08-20T13:36:45.736Z",
        "delivery_cost": "3.75",
        "order_total": "37.50",
        "grand_total": "41.25",
        "original_bag": "{\"1\": 1}",
        "stripe_pid": "pi_3JQXtbEODlRumaAu1vHkQV0a"
      }
    },
    {
      "model": "checkout.order",
      "pk": 17,
      "fields": {
        "user_profile": 1,
        "order_number": "F7E7E358C7234D88993CC2D4F009FFF6",
        "full_name": "Eoin Farrell",
        "email": "farrelleoin93@gmail.com",
        "phone_number": "0852364581",
        "country": "IE",
        "postcode": "D06 FP64",
        "town_or_city": "Dublin 6w",
        "street_address1": "22 Whitton Road",
        "street_address2": "Terenure",
        "county": "Dublin",
        "date": "2021-08-24T16:48:55.329Z",
        "delivery_cost": "3.75",
        "order_total": "37.50",
        "grand_total": "41.25",
        "original_bag": "{\"3\": 1}",
        "stripe_pid": "pi_3JS2nmEODlRumaAu0BMxqVl8"
      }
    },
    {
      "model": "checkout.order",
      "pk": 18,
      "fields": {
        "user_profile": 1,
        "order_number": "D36FB2F172914005A4EC8198B6EFC7C5",
        "full_name": "Eoin Farrell",
        "email": "farrelleoin93@gmail.com",
        "phone_number": "0852364581",
        "country": "IE",
        "postcode": "D06 FP64",
        "town_or_city": "Dublin 6w",
        "street_address1": "22 Whitton Road",
        "street_address2": "Terenure",
        "county": "Dublin",
        "date": "2021-08-30T00:34:45.717Z",
        "delivery_cost": "3.75",
        "order_total": "37.50",
        "grand_total": "41.25",
        "original_bag": "{\"4\": 1}",
        "stripe_pid": "pi_3JTySCEODlRumaAu07Pw6Lmc"
      }
    },
    {
      "model": "checkout.order",
      "pk": 19,
      "fields": {
        "user_profile": 1,
        "order_number": "FF299307B9F649BE8CB6CE6DC2897BEE",
        "full_name": "Eoin Farrell",
        "email": "farrelleoin93@gmail.com",
        "phone_number": "0852364581",
        "country": "IE",
        "postcode": "D06 FP64",
        "town_or_city": "Dublin 6w",
        "street_address1": "22 Whitton Road",
        "street_address2": "Terenure",
        "county": "Dublin",
        "date": "2021-08-30T00:36:30.865Z",
        "delivery_cost": "3.75",
        "order_total": "37.50",
        "grand_total": "41.25",
        "original_bag": "{\"1\": 1}",
        "stripe_pid": "pi_3JTyTzEODlRumaAu01yMddKw"
      }
    },
    {
      "model": "checkout.orderlineitem",
      "pk": 2,
      "fields": {
        "order": 1,
        "beer": 3,
        "quantity": 1,
        "lineitem_total": "37.50"
      }
    },
    {
      "model": "checkout.orderlineitem",
      "pk": 3,
      "fields": {
        "order": 2,
        "beer": 1,
        "quantity": 1,
        "lineitem_total": "37.50"
      }
    },
    {
      "model": "checkout.orderlineitem",
      "pk": 4,
      "fields": {
        "order": 3,
        "beer": 3,
        "quantity": 1,
        "lineitem_total": "37.50"
      }
    },
    {
      "model": "checkout.orderlineitem",
      "pk": 5,
      "fields": {
        "order": 4,
        "beer": 3,
        "quantity": 1,
        "lineitem_total": "37.50"
      }
    },
    {
      "model": "checkout.orderlineitem",
      "pk": 6,
      "fields": {
        "order": 5,
        "beer": 3,
        "quantity": 1,
        "lineitem_total": "37.50"
      }
    },
    {
      "model": "checkout.orderlineitem",
      "pk": 7,
      "fields": {
        "order": 6,
        "beer": 1,
        "quantity": 3,
        "lineitem_total": "112.50"
      }
    },
    {
      "model": "checkout.orderlineitem",
      "pk": 8,
      "fields": {
        "order": 7,
        "beer": 3,
        "quantity": 1,
        "lineitem_total": "37.50"
      }
    },
    {
      "model": "checkout.orderlineitem",
      "pk": 9,
      "fields": {
        "order": 8,
        "beer": 3,
        "quantity": 1,
        "lineitem_total": "37.50"
      }
    },
    {
      "model": "checkout.orderlineitem",
      "pk": 10,
      "fields": {
        "order": 9,
        "beer": 3,
        "quantity": 1,
        "lineitem_total": "37.50"
      }
    },
    {
      "model": "checkout.orderlineitem",
      "pk": 11,
      "fields": {
        "order": 10,
        "beer": 3,
        "quantity": 1,
        "lineitem_total": "37.50"
      }
    },
    {
      "model": "checkout.orderlineitem",
      "pk": 12,
      "fields": {
        "order": 11,
        "beer": 2,
        "quantity": 2,
        "lineitem_total": "75.00"
      }
    },
    {
      "model": "checkout.orderlineitem",
      "pk": 13,
      "fields": {
        "order": 12,
        "beer": 3,
        "quantity": 1,
        "lineitem_total": "37.50"
      }
    },
    {
      "model": "checkout.orderlineitem",
      "pk": 14,
      "fields": {
        "order": 13,
        "beer": 3,
        "quantity": 1,
        "lineitem_total": "37.50"
      }
    },
    {
      "model": "checkout.orderlineitem",
      "pk": 15,
      "fields": {
        "order": 14,
        "beer": 3,
        "quantity": 1,
        "lineitem_total": "37.50"
      }
    },
    {
      "model": "checkout.orderlineitem",
      "pk": 16,
      "fields": {
        "order": 15,
        "beer": 3,
        "quantity": 1,
        "lineitem_total": "37.50"
      }
    },
    {
      "model": "checkout.orderlineitem",
      "pk": 17,
      "fields": {
        "order": 16,
        "beer": 1,
        "quantity": 1,
        "lineitem_total": "37.50"
      }
    },
    {
      "model": "checkout.orderlineitem",
      "pk": 18,
      "fields": {
        "order": 17,
        "beer": 3,
        "quantity": 1,
        "lineitem_total": "37.50"
      }
    },
    {
      "model": "checkout.orderlineitem",
      "pk": 19,
      "fields": {
        "order": 18,
        "beer": 4,
        "quantity": 1,
        "lineitem_total": "37.50"
      }
    },
    {
      "model": "checkout.orderlineitem",
      "pk": 20,
      "fields": {
        "order": 19,
        "beer": 1,
        "quantity": 1,
        "lineitem_total": "37.50"
      }
    },
    {
      "model": "profiles.userprofile",
      "pk": 1,
      "fields": {
        "user": 1,
        "default_phone_number": "0852364581",
        "default_email": null,
        "default_street_address1": "22 Whitton Road",
        "default_street_address2": "Terenure",
        "default_town_or_city": "Dublin 6w",
        "default_county": "Dublin",
        "default_country": "IE",
        "default_postcode": "D06 FP64"
      }
    },
    {
      "model": "profiles.userprofile",
      "pk": 2,
      "fields": {
        "user": 2,
        "default_phone_number": null,
        "default_email": null,
        "default_street_address1": null,
        "default_street_address2": null,
        "default_town_or_city": null,
        "default_county": null,
        "default_country": null,
        "default_postcode": null
      }
    },
    {
      "model": "profiles.userprofile",
      "pk": 3,
      "fields": {
        "user": 3,
        "default_phone_number": null,
        "default_email": null,
        "default_street_address1": null,
        "default_street_address2": null,
        "default_town_or_city": null,
        "default_county": null,
        "default_country": null,
        "default_postcode": null
      }
    },
    {
      "model": "profiles.userprofile",
      "pk": 4,
      "fields": {
        "user": 4,
        "default_phone_number": null,
        "default_email": null,
        "default_street_address1": null,
        "default_street_address2": null,
        "default_town_or_city": null,
        "default_county": null,
        "default_country": null,
        "default_postcode": null
      }
    },
    {
      "model": "profiles.userprofile",
      "pk": 5,
      "fields": {
        "user": 5,
        "default_phone_number": "12345678910",
        "default_email": "megansarah94@gmail.com",
        "default_street_address1": "22 Whitton Road",
        "default_street_address2": "Terenure",
        "default_town_or_city": "Dublin 6w",
        "default_county": "Dublin",
        "default_country": "IE",
        "default_postcode": "D06 FP64"
      }
    },
    {
      "model": "profiles.userprofile",
      "pk": 6,
      "fields": {
        "user": 6,
        "default_phone_number": null,
        "default_email": null,
        "default_street_address1": null,
        "default_street_address2": null,
        "default_town_or_city": null,
        "default_county": null,
        "default_country": null,
        "default_postcode": null
      }
    },
    {
      "model": "profiles.userprofile",
      "pk": 7,
      "fields": {
        "user": 7,
        "default_phone_number": null,
        "default_email": null,
        "default_street_address1": null,
        "default_street_address2": null,
        "default_town_or_city": null,
        "default_county": null,
        "default_country": null,
        "default_postcode": null
      }
    },
    {
      "model": "profiles.userprofile",
      "pk": 8,
      "fields": {
        "user": 8,
        "default_phone_number": null,
        "default_email": null,
        "default_street_address1": null,
        "default_street_address2": null,
        "default_town_or_city": null,
        "default_county": null,
        "default_country": null,
        "default_postcode": null
      }
    },
    {
      "model": "profiles.userprofile",
      "pk": 9,
      "fields": {
        "user": 9,
        "default_phone_number": null,
        "default_email": null,
        "default_street_address1": null,
        "default_street_address2": null,
        "default_town_or_city": null,
        "default_county": null,
        "default_country": null,
        "default_postcode": null
      }
    },
    {
      "model": "blog.post",
      "pk": 10,
      "fields": {
        "title": "We Got An Award",
        "slug": "We-Got-An-Award",
        "content": "Over the past few years 12 Acres Brewing Company have been working hard on perfecting our beers and bringing the best quality ingredients we can to every millilitre we produce. Seeing our bottled beers displayed in off licences and supermarkets and knowing that our draft beers are being enjoyed all over the country is truly one of the best feelings you could imagine.\r\n\r\nSo what could make this feeling even better? Winning an award of course, and that is just what we did! Our 12 Acres Pale Ale was a Bronze medal winner at the Alltech Dublin Craft Beer Cup, and we were also a Finalist in the Blas Na hEireann Irish Food Quality Awards. Along with this, we were nominees in the Carlow Food & Beverage Producer Business Awards in both 2016 & 2017.",
        "image": "",
        "date_added": "2021-08-24T14:51:00.910Z",
        "author": 6
      }
    }
  ]